{
  "id": "3328",
  "big_task": "Temporal Understanding",
  "small_task": "Agent Observation",
  "runner_task": "multiagent",
  "scene": "restaurant_cafeteria",
  "room": "corridor_0",
  "question": "How many 'volleyball' objects did the robot pass within 1.0m during its walk? Answer 0, 1, 2, or 3.",
  "answer": "0",
  "answer_type": "count",
  "options_json": "{\"A\":0,\"B\":1,\"C\":2,\"D\":3}",
  "image_paths_json": "[]",
  "metadata_json": "{\"goal_xy\":[3.950000047683716,9.449999809265137],\"navigation\":{\"final_dist\":0.19758510783157984,\"final_xy\":[4.247585296630859,9.449972152709961],\"forced_to_goal\":false,\"goal_xy\":[4.050000190734863,9.449999809265137],\"ok\":true,\"total_steps\":34},\"object_category\":\"volleyball\",\"objects_meta\":[{\"_key\":\"hidden_obj_0\",\"aabb_centre\":[4.812592506408691,9.612293243408203,0.10747824609279633],\"aabb_max\":[4.931483745574951,9.730462074279785,0.2261928766965866],\"aabb_min\":[4.693700790405273,9.494123458862305,-0.011236391961574554],\"category\":\"volleyball\",\"placed_on\":\"failed\",\"position\":[4.814357757568359,9.613234519958496,0.10647899657487869],\"quaternion_xyzw\":[0.21363116800785065,-0.10206257551908493,-0.09632797539234161,0.9667811989784241],\"model\":\"nofzds\"}],\"observer_poses\":[{\"_key\":\"step_00000.png\",\"position\":[4.450000286102295,9.449999809265137,1.1877694129943848],\"quaternion_xyzw\":[3.843121570041904e-05,5.240205367110905e-05,0.8063826628001405,0.591394113018063],\"visibility\":[{\"_key\":\"robot\",\"value\":true}]}],\"path_waypoints\":[[4.450000286102295,9.449999809265137],[4.416666905085246,9.449999809265137],[4.383333524068197,9.449999809265137],[4.3500001430511475,9.449999809265137],[4.316666762034098,9.449999809265137],[4.28333338101705,9.449999809265137],[4.25,9.449999809265137],[4.2166666984558105,9.449999809265137],[4.183333396911621,9.449999809265137],[4.150000095367432,9.449999809265137],[4.116666793823242,9.449999809265137],[4.083333492279053,9.449999809265137],[4.050000190734863,9.449999809265137]],\"proximity_thresh\":1.0,\"qa\":{\"answer_count\":0,\"answer_label\":\"A\",\"choices\":{\"A\":0,\"B\":1,\"C\":2,\"D\":3},\"question\":\"How many volleyball objects did the robot pass within 1.0m during its walk?\"},\"robot_bbox_top_z\":1.1877694129943848,\"robot_start_z\":0.1,\"run_idx\":0,\"seed\":3103807185,\"start_xy\":[4.450000286102295,9.449999809265137],\"step_log\":[{\"robot_quat_xyzw\":[-0.0095050148665905,-0.001657582470215857,0.9999534487724304,2.381752710789442e-05],\"robot_xy\":[4.4498610496521,9.449955940246582],\"robot_yaw_deg\":179.99546459026095,\"robot_z\":1.1877694129943848,\"step\":0},{\"robot_quat_xyzw\":[-0.07134629786014557,0.010263260453939438,0.9973985552787781,-0.0007176357321441174],\"robot_xy\":[4.449972629547119,9.450061798095703],\"robot_yaw_deg\":-179.83236343248404,\"robot_z\":1.1877694129943848,\"step\":1},{\"robot_quat_xyzw\":[-0.07134629786014557,0.010263260453939438,0.9973985552787781,-0.0007176357321441174],\"robot_xy\":[4.449972629547119,9.450061798095703],\"robot_yaw_deg\":-179.83236343248404,\"robot_z\":1.1877694129943848,\"step\":2},{\"robot_quat_xyzw\":[-0.07134629786014557,0.010263260453939438,0.9973985552787781,-0.0007176357321441174],\"robot_xy\":[4.449972629547119,9.450061798095703],\"robot_yaw_deg\":-179.83236343248404,\"robot_z\":1.1877694129943848,\"step\":3},{\"robot_quat_xyzw\":[-0.07134629786014557,0.010263260453939438,0.9973985552787781,-0.0007176357321441174],\"robot_xy\":[4.449972629547119,9.450061798095703],\"robot_yaw_deg\":-179.83236343248404,\"robot_z\":1.1877694129943848,\"step\":4},{\"robot_quat_xyzw\":[-0.07134629786014557,0.010263260453939438,0.9973985552787781,-0.0007176357321441174],\"robot_xy\":[4.449972629547119,9.450061798095703],\"robot_yaw_deg\":-179.83236343248404,\"robot_z\":1.1877694129943848,\"step\":5},{\"robot_quat_xyzw\":[-0.07134629786014557,0.010263260453939438,0.9973985552787781,-0.0007176357321441174],\"robot_xy\":[4.449972629547119,9.450061798095703],\"robot_yaw_deg\":-179.83236343248404,\"robot_z\":1.1877694129943848,\"step\":6},{\"robot_quat_xyzw\":[-0.07134629786014557,0.010263260453939438,0.9973985552787781,-0.0007176357321441174],\"robot_xy\":[4.449972629547119,9.450061798095703],\"robot_yaw_deg\":-179.83236343248404,\"robot_z\":1.1877694129943848,\"step\":7},{\"robot_quat_xyzw\":[-0.06805475801229477,0.011696720495820045,0.9976129531860352,0.0005284530343487859],\"robot_xy\":[4.440398693084717,9.450650215148926],\"robot_yaw_deg\":-179.96890680370706,\"robot_z\":1.1877694129943848,\"step\":8},{\"robot_quat_xyzw\":[-0.06354816257953644,0.012319119647145271,0.9979026317596436,-0.0005543102161027491],\"robot_xy\":[4.43080997467041,9.450156211853027],\"robot_yaw_deg\":-179.84565883239281,\"robot_z\":1.1877694129943848,\"step\":9},{\"robot_quat_xyzw\":[-0.05816809833049774,0.011281940154731274,0.9982428550720215,0.0005477608065120876],\"robot_xy\":[4.421217918395996,9.450550079345703],\"robot_yaw_deg\":-179.98737241317798,\"robot_z\":1.1877694129943848,\"step\":10},{\"robot_quat_xyzw\":[-0.05192252993583679,0.009316572919487953,0.9986076951026917,-0.00043209694558754563],\"robot_xy\":[4.411606311798096,9.450079917907715],\"robot_yaw_deg\":-179.8945533287312,\"robot_z\":1.1877694129943848,\"step\":11},{\"robot_quat_xyzw\":[-0.05192252993583679,0.009316572919487953,0.9986076951026917,-0.00043209694558754563],\"robot_xy\":[4.411606311798096,9.450079917907715],\"robot_yaw_deg\":-179.8945533287312,\"robot_z\":1.1877694129943848,\"step\":12},{\"robot_quat_xyzw\":[-0.04478823393583298,0.005764395464211702,0.9989797472953796,0.0005364001262933016],\"robot_xy\":[4.401986122131348,9.450397491455078],\"robot_yaw_deg\":179.96805251549992,\"robot_z\":1.1877694129943848,\"step\":13},{\"robot_quat_xyzw\":[0.03631466627120972,-0.0030222623609006405,-0.999335765838623,0.0005022447439841926],\"robot_xy\":[4.392363548278809,9.449873924255371],\"robot_yaw_deg\":-179.9297231761294,\"robot_z\":1.1877694129943848,\"step\":14},{\"robot_quat_xyzw\":[-0.026918699964880943,0.0014756749151274562,0.9996364116668701,0.00041161858825944364],\"robot_xy\":[4.382715225219727,9.450202941894531],\"robot_yaw_deg\":179.95733924430388,\"robot_z\":1.1877694129943848,\"step\":15},{\"robot_quat_xyzw\":[-0.026918699964880943,0.0014756749151274562,0.9996364116668701,0.00041161858825944364],\"robot_xy\":[4.382715225219727,9.450202941894531],\"robot_yaw_deg\":179.95733924430388,\"robot_z\":1.1877694129943848,\"step\":16},{\"robot_quat_xyzw\":[0.016555074602365494,-0.0014331788988783956,-0.9998619556427002,0.00038697425043210387],\"robot_xy\":[4.3730597496032715,9.449824333190918],\"robot_yaw_deg\":-179.9529175034005,\"robot_z\":1.1877694129943848,\"step\":17},{\"robot_quat_xyzw\":[-0.005318015813827515,0.0024079305585473776,0.9999828934669495,0.0003667854762170464],\"robot_xy\":[4.363392353057861,9.45014762878418],\"robot_yaw_deg\":179.95943529317793,\"robot_z\":1.1877694129943848,\"step\":18},{\"robot_quat_xyzw\":[-0.0033035092055797577,-0.004394455347210169,-0.9999849200248718,0.0002799713984131813],\"robot_xy\":[4.353793621063232,9.449869155883789],\"robot_yaw_deg\":-179.96958100746883,\"robot_z\":1.1877694129943848,\"step\":19},{\"robot_quat_xyzw\":[0.011157402768731117,0.006237990688532591,0.9999182224273682,0.0003404473827686161],\"robot_xy\":[4.344089984893799,9.450087547302246],\"robot_yaw_deg\":179.95300354294713,\"robot_z\":1.1877694129943848,\"step\":20},{\"robot_quat_xyzw\":[0.011157402768731117,0.006237990688532591,0.9999182224273682,0.0003404473827686161],\"robot_xy\":[4.344089984893799,9.450087547302246],\"robot_yaw_deg\":179.95300354294713,\"robot_z\":1.1877694129943848,\"step\":21},{\"robot_quat_xyzw\":[-0.016930023208260536,-0.008250150829553604,-0.999822735786438,0.000169211853062734],\"robot_xy\":[4.334445953369141,9.449835777282715],\"robot_yaw_deg\":-179.9966168531538,\"robot_z\":1.1877694129943848,\"step\":22},{\"robot_quat_xyzw\":[0.021600201725959778,0.010145262815058231,0.999715268611908,